{
  "train_losses": [
    7.583571303974498,
    6.721438870285496,
    6.229099302580862,
    5.920954458641283,
    5.716208949233547,
    5.559002283847693,
    5.422946380846428,
    5.302348498142127,
    5.182567134048,
    5.08467451731364
  ],
  "val_losses": [
    7.069244967566596,
    6.543481349945068,
    6.218545171949598,
    6.057381841871473,
    5.963148011101617,
    5.902098602718777,
    5.853066868252224,
    5.815348784128825,
    5.793084886338976,
    5.783855862087673
  ],
  "best_val_loss": 5.783855862087673,
  "config": {
    "vocab_size": 5169,
    "d_model": 256,
    "nhead": 8,
    "num_layers": 4,
    "dim_feedforward": 1024,
    "max_seq_length": 128,
    "dropout": 0.1,
    "batch_size": 8,
    "learning_rate": 0.0001,
    "num_epochs": 10,
    "device": "cpu",
    "save_dir": "checkpoints",
    "log_interval": 10
  }
}